<?xml version="1.0" encoding="UTF-8"?>
<!DOCTYPE struts PUBLIC
        "-//Apache Software Foundation//DTD Struts Configuration 2.5//EN"
        "http://struts.apache.org/dtds/struts-2.5.dtd">

<struts>

    <package name="user" namespace="/" extends="struts-default">
        <action name="index">
            <result>/login.jsp</result>
        </action>

        <action name="login" class="cz3002.grp14.action.LoginAction" method="execute">
            <result name="success">/success.jsp</result>
            <result name="login">/login.jsp</result>
            <result name="input">/login.jsp</result>
        </action>
    </package>

</struts>


